epoch,step,train_loss
0,9,3.362812042236328
0,19,3.152754783630371
0,29,2.929683208465576
0,39,3.033827066421509
0,49,2.945335626602173
0,59,3.001704692840576
